episode_id,source,chem,plate,n_cand,dims,max_merit,chance,cls_gp,cls_xrd,fm_prior,fm_xrd,fm_xrd_nogap,fm_xrd_nomace,cluster
2283_20200218.144324_CA1,base,Ni-Sb,2283,31,1,2.40065073593074,0.267,0.24452,0.44843,0.24452,0.44843,0.44843,0.21787,Ni-Sb
2283_20200218.144324_CA2,base,Ni-Sb,2283,31,1,2.77524226232483,0.24055,0.10398,0.99605,0.10398,0.99605,0.99605,0.08668,Ni-Sb
2283_20200218.144324_CA4,base,Ni-Sb,2283,31,1,6.56164214523018,0.1266,0.0065,0.29142,0.0065,0.29142,0.29142,0.00523,Ni-Sb
2283_20200218.162104_CA1,base,Ni-Sb,2283,29,1,0.603094637140514,0.66422,0.99465,0.72978,0.93577,0.53306,0.53306,0.72978,Ni-Sb
2283_20200218.162104_CA4,base,Ni-Sb,2283,29,1,0.0417275422885572,0.40737,0.52833,0.38398,0.52977,0.27454,0.27454,0.38398,Ni-Sb
2286_20200218.144917_CA1,base,Fe-Sb,2286,29,1,0.227785316017316,0.44021,0.33444,0.61684,0.07812,0.61684,0.61684,0.61684,Fe-Sb
2286_20200218.144917_CA2,base,Fe-Sb,2286,29,1,0.208667285008569,0.41762,0.26243,0.63003,0.02469,0.63003,0.63003,0.63003,Fe-Sb
2286_20200302.142526_CA2,base,Fe-Sb,2286,30,1,0.637376751688678,0.43629,0.69518,1.0,0.00529,1.0,1.0,1.0,Fe-Sb
2286_20200302.142526_CA4,base,Fe-Sb,2286,30,1,0.161588813559322,0.42782,0.99961,0.99961,0.03574,0.99961,0.99961,0.99961,Fe-Sb
2297_20200218.144632_CA3,base,Pb-Sb,2297,29,1,0.0214714453355846,0.5348,0.17725,0.73235,0.21737,0.73235,0.73235,0.73235,Pb-Sb
2297_20200218.144632_CA4,base,Pb-Sb,2297,29,1,0.0105237668090492,0.52797,0.6369,0.77282,0.0835,0.77282,0.77282,0.77282,Pb-Sb
2297_20200302.142608_CA1,base,Pb-Sb,2297,30,1,0.0725695238095238,0.69567,0.99097,0.47612,0.80587,0.84621,0.84621,0.84621,Pb-Sb
2297_20200302.142608_CA3,base,Pb-Sb,2297,30,1,0.0349605149852258,0.44772,0.32807,0.89639,0.74698,0.89639,0.89639,0.89639,Pb-Sb
2298_20200218.144149_CA3,base,Co-Sb,2298,30,1,0.0368906542845082,0.40737,1.0,0.98641,0.11824,0.09104,0.98641,0.11499,Co-Sb
2298_20200218.144149_CA4,base,Co-Sb,2298,30,1,0.0239901059958867,0.51339,0.60648,1.0,0.80664,0.51704,1.0,0.19421,Co-Sb
2298_20200218.162149_CA3,base,Co-Sb,2298,29,1,0.0332024188626907,0.42391,0.87655,0.87655,0.81755,0.02129,0.87655,0.87655,Co-Sb
2298_20200218.162149_CA4,base,Co-Sb,2298,29,1,0.0137092179104478,0.36702,0.48375,0.48375,0.355,0.04625,0.48375,0.48375,Co-Sb
2298_20200302.142742_CA1,base,Co-Sb,2298,30,1,0.243348121212121,0.49596,1.0,0.94044,0.82169,0.20724,0.94044,1.0,Co-Sb
2298_20200302.142742_CA2,base,Co-Sb,2298,30,1,0.144285794939006,0.39623,0.99639,1.0,0.04477,0.05523,1.0,0.99639,Co-Sb
2298_20200302.142742_CA3,base,Co-Sb,2298,30,1,0.0785141409877585,0.43967,1.0,0.91806,0.69861,0.04625,0.91806,0.91806,Co-Sb
2300_20200218.144726_CA4,base,Sb-Zn,2300,28,1,0.0107378095238095,0.35947,0.11456,0.32039,0.59418,0.33204,0.33204,0.33204,Sb-Zn
2300_20200218.162234_CA2,base,Sb-Zn,2300,29,1,0.0100637472283814,0.8346,0.84504,0.84504,0.68668,0.84504,0.84504,0.84504,Sb-Zn
2300_20200218.162234_CA3,base,Sb-Zn,2300,29,1,0.0049492911696717,0.61191,0.67761,0.67761,0.55405,0.67761,0.67761,0.67761,Sb-Zn
3519_20200218.150107_CA1,base,In-Sb,3519,28,1,0.111761038961039,0.77103,0.6589,1.0,0.72302,1.0,1.0,1.0,In-Sb
3519_20200218.150107_CA2,base,In-Sb,3519,28,1,0.295794818026011,0.21106,0.45692,0.45692,0.0734,0.45692,0.45692,0.45692,In-Sb
3519_20200218.16241_CA2,base,In-Sb,3519,29,1,0.0251848115299335,0.83544,0.89178,0.53925,0.95249,0.53925,0.53925,0.53925,In-Sb
3519_20200218.16241_CA3,base,In-Sb,3519,29,1,0.0089813607027276,0.77021,0.76489,0.51809,0.98936,0.51809,0.51809,0.51809,In-Sb
3531_20200218.145313_CA1,base,Bi-Sb,3531,29,1,0.0059087878787878,0.72584,1.0,0.38428,0.87917,0.87917,0.87917,0.38428,Bi-Sb
3531_20200218.145313_CA3,base,Bi-Sb,3531,29,1,0.000246447252005,0.69429,0.76106,0.66814,1.0,0.66814,1.0,0.66814,Bi-Sb
3531_20200218.162319_CA3,base,Bi-Sb,3531,30,1,0.0003057474248728,0.45703,1.0,1.0,0.28438,1.0,1.0,1.0,Bi-Sb
4014_20200218.161037_CA2,base,Ag-Sb,4014,27,1,0.371703296703297,0.66837,0.4341,0.4341,0.99236,0.4341,0.4341,0.4341,Ag-Sb
4014_20200218.161037_CA3,base,Ag-Sb,4014,27,1,0.133287101248266,0.59726,0.36609,0.36609,0.92186,0.36609,0.36609,0.36609,Ag-Sb
4014_20200218.161037_CA4,base,Ag-Sb,4014,27,1,1.02755437288136,0.14307,0.01094,0.01094,0.06204,0.01094,0.01094,0.01094,Ag-Sb
4130_20200218.144235_CA4,base,Cu-Sb,4130,29,1,0.0161945669839796,0.61785,0.35259,0.27793,0.43259,1.0,1.0,0.64963,Cu-Sb
4130_20200218.163122_CA2,base,Cu-Sb,4130,30,1,0.0157982261640798,0.34207,0.08275,0.09474,0.08275,0.16287,0.16287,0.09474,Cu-Sb
4130_20200218.163122_CA3,base,Cu-Sb,4130,30,1,0.0035352210818307,0.49762,0.04162,0.4054,0.04162,0.4054,0.4054,0.4054,Cu-Sb
4130_20220623.180314_CA1,base,Cu-Sb,4130,20,1,0.104881025108225,0.65019,0.81848,0.70383,0.81848,0.70383,0.70383,0.70383,Cu-Sb
5406_20200218.143845_CA1,base,Cr-Sb,5406,29,1,0.0532889289533996,0.71105,0.53574,0.88719,0.60936,0.88719,0.88719,0.88719,Cr-Sb
5406_20200218.143845_CA4,base,Cr-Sb,5406,29,1,0.440420246110982,0.19479,0.06112,0.06082,0.06112,0.06243,0.06243,0.06243,Cr-Sb
5406_20200218.162452_CA2,base,Cr-Sb,5406,28,1,0.0223669623059867,0.67434,0.72573,1.0,0.77612,1.0,1.0,1.0,Cr-Sb
5407_20200218.144415_CA4,base,Cr-Sb,5407,29,1,0.0318133271418621,0.82984,0.8405,0.8405,0.8405,0.91365,0.91365,0.91365,Cr-Sb
5407_20200218.162628_CA1,base,Cr-Sb,5407,28,1,0.134827349613285,0.53639,0.54613,0.29605,0.90807,0.29605,0.29605,0.29605,Cr-Sb
5407_20200218.162628_CA3,base,Cr-Sb,5407,28,1,0.0182493374017568,0.558,0.62827,0.34031,0.24607,0.34031,0.34031,0.34031,Cr-Sb
5415_20200218.143926_CA1,base,Fe-Sb,5415,30,1,0.0766987838044309,0.48919,0.36533,1.0,0.25643,0.31711,0.31711,0.31711,Fe-Sb
5415_20200218.143926_CA2,base,Fe-Sb,5415,30,1,0.108324901098901,0.35957,0.09867,1.0,0.04665,0.02297,0.02297,0.02297,Fe-Sb
5415_20200218.143926_CA4,base,Fe-Sb,5415,30,1,0.0178380060366845,0.45378,0.30733,1.0,0.08944,1.0,1.0,1.0,Fe-Sb
5415_20200218.161125_CA2,base,Fe-Sb,5415,30,1,0.0550046153846154,0.35836,0.09431,1.0,0.09057,0.14418,0.14418,0.14418,Fe-Sb
5415_20200218.161125_CA4,base,Fe-Sb,5415,30,1,0.0129692020338983,0.32182,0.43957,0.62593,0.06617,0.62593,0.62593,0.62593,Fe-Sb
5415_20220623.175729_CA2,base,Fe-Sb,5415,22,1,0.193509507006755,0.46714,0.13642,1.0,0.01917,1.0,1.0,1.0,Fe-Sb
5417_20200218.145212_CA3,base,Sb-Zn,5417,30,1,0.0076034747061829,0.4226,0.38333,0.19861,0.08472,0.38333,0.38333,0.19861,Sb-Zn
5417_20200218.145212_CA4,base,Sb-Zn,5417,30,1,0.0172742047829115,0.19424,0.2375,0.03264,0.05674,0.03264,0.03264,0.0,Sb-Zn
5417_20200218.16281_CA2,base,Sb-Zn,5417,26,1,0.0375415742793792,0.50021,0.87572,0.28473,0.28473,0.87572,0.87572,0.28473,Sb-Zn
5418_20200218.145757_CA2,base,In-Sb,5418,28,1,0.0484445970695971,0.80717,0.7449,0.79568,0.84276,0.79568,0.79568,0.79568,In-Sb
5418_20200218.145757_CA3,base,In-Sb,5418,28,1,0.106543689320388,0.78676,0.79166,0.79166,0.81762,0.79166,0.79166,0.79166,In-Sb
5418_20200218.162858_CA1,base,In-Sb,5418,30,1,0.42913201224083,0.53431,0.44543,0.7024,1.0,0.93105,0.93105,0.93105,In-Sb
5418_20200218.162858_CA3,base,In-Sb,5418,30,1,0.0057327785483125,0.38457,0.17167,0.24167,0.095,0.24167,0.24167,0.24167,In-Sb
5435_20200218.163032_CA3,base,Pb-Sb,5435,29,1,0.0933869625520111,0.39214,0.00253,0.49785,0.29353,0.49785,0.49785,0.49785,Pb-Sb
5435_20220623.112423_CA1,base,Pb-Sb,5435,29,1,0.0452430372294372,0.25147,0.02136,0.49496,0.58117,1.0,1.0,0.49496,Pb-Sb
5435_20220623.112423_CA2,base,Pb-Sb,5435,29,1,0.0208562274422825,0.21377,0.01798,0.497,0.4041,1.0,1.0,0.497,Pb-Sb
5435_20220623.112423_CA3,base,Pb-Sb,5435,29,1,0.0082657855635289,0.33994,0.59367,0.59367,0.69393,0.59367,0.59367,0.59367,Pb-Sb
5436_20200218.145045_CA4,base,Sb-Y,5436,29,1,0.14538661393597,0.83635,0.78544,0.97464,0.7062,0.97464,0.97464,0.97464,Sb-Y
5436_20220623.173226_CA1,base,Sb-Y,5436,29,1,0.0034891774891774,0.35548,0.09487,0.34359,1.0,0.34359,0.34359,0.34359,Sb-Y
5436_20220623.173226_CA2,base,Sb-Y,5436,29,1,0.0007604929125919,0.30913,0.35617,0.42466,0.0274,0.12329,0.12329,0.12329,Sb-Y
5436_20220623.173226_CA3,base,Sb-Y,5436,29,1,0.0014176173068805,0.4936,1.0,0.78461,0.0,0.78461,0.78461,0.78461,Sb-Y
5436_20220623.173226_CA4,base,Sb-Y,5436,29,1,0.004003228410008,0.34015,0.02083,0.34375,0.54167,0.02083,0.02083,0.02083,Sb-Y
5439_20200325.131306_CA1,base,Mg-Sb,5439,30,1,0.0867103279801748,0.36212,0.00906,0.00906,1.0,1.0,0.00914,0.00906,Mg-Sb
5439_20200325.131306_CA2,base,Mg-Sb,5439,30,1,0.0066842239467849,0.29616,0.02253,0.03248,0.82999,0.82999,0.03248,0.03248,Mg-Sb
5440_20200218.144829_CA1,base,Co-Sb,5440,28,1,0.0447665945165945,0.5299,0.08477,1.0,0.14073,0.9273,1.0,1.0,Co-Sb
5440_20200218.162947_CA3,base,Co-Sb,5440,30,1,0.0244312676837725,0.46404,0.48064,0.80015,0.16425,0.80015,0.80015,0.80015,Co-Sb
5445_20220623.175015_CA3,base,Al-Sb,5445,21,1,0.0176438809624314,0.42481,0.03337,0.03214,0.03337,0.81335,0.81335,1.0,Al-Sb
5717_20200218.145716_CA3,base,Fe-Sb,5717,29,1,0.355462442514052,0.35969,0.59557,0.59557,0.01245,0.59557,0.59557,0.59557,Fe-Sb
5717_20200218.161211_CA2,base,Fe-Sb,5717,30,1,0.543864835164835,0.42513,0.6784,0.6784,0.01802,0.6784,0.6784,0.6784,Fe-Sb
5929_20220623.1809_CA1,base,La-Sb,5929,29,1,0.0311341991341991,0.12641,0.0,0.0,0.0,0.01092,0.01092,0.06092,La-Sb
5930_20200325.131034_CA1,base,Mg-Sb,5930,27,1,0.017815971285199,0.45623,0.969,0.02046,0.969,0.82309,0.02046,0.02046,Mg-Sb
5930_20200325.131034_CA2,base,Mg-Sb,5930,27,1,0.0013354545454545,0.3573,0.7973,0.32826,0.31961,0.7973,0.32826,0.32826,Mg-Sb
P2783_20170802.120418_387nm,pool,Bi-Cu-V,2783,188,3,7.09008e-05,0.33924,0.77601,0.04666,0.76299,0.43894,0.00137,0.43894,Ni-V
P2783_20170802.120418_455nm,pool,Bi-Cu-V,2783,188,3,8.17229e-05,0.28641,0.77464,0.04985,0.60694,0.31137,0.0074,0.31137,Ni-V
P2783_20170802.120418_516nm,pool,Bi-Cu-V,2783,188,3,2.88542e-06,0.36842,0.73603,0.10209,0.52881,0.5805,0.00996,0.5805,Ni-V
P2783_20170802.120418_602nm,pool,Bi-Cu-V,2783,188,3,1.01125e-06,0.19799,0.24722,0.07787,0.17347,0.20396,0.16358,0.20396,Ni-V
P3046_20160610.142512_385nm,pool,Ba-Mn,3046,29,1,3.64042e-06,0.63326,0.84022,0.02667,0.80897,0.02667,0.02667,0.02667,Ba-Mn
P3046_20170421.180200_385nm,pool,Ba-Mn,3046,33,1,0.000142193,0.13383,0.38407,0.01082,0.01891,0.00216,0.00216,0.01082,Ba-Mn
P3050_20160613.162428_385nm,pool,Ca-Mn,3050,27,1,1.88e-06,0.45338,0.15403,0.5656,0.92531,0.09242,0.09242,0.5656,Ca-Mn
P3050_20170421.174859_385nm,pool,Ca-Mn,3050,28,1,1.72958e-06,0.42687,0.91858,0.10142,0.91858,0.10142,0.10142,0.10142,Ca-Mn
P3051_20160610.163705_385nm,pool,Mn-Sr,3051,29,1,4.26417e-06,0.34856,0.0173,1.0,1.0,0.00254,0.00254,0.87659,Mn-Sr
P3051_20170427.113107_385nm,pool,Mn-Sr,3051,28,1,3.0975e-06,0.59168,0.72855,0.72195,0.6746,0.72195,0.72195,0.72195,Mn-Sr
P3059_20160613.123458_385nm,pool,Mg-Mn,3059,29,1,3.625e-08,0.28699,1.0,0.21839,0.0,0.22988,0.22988,0.21839,Mg-Mn
P3059_20170427.114426_385nm,pool,Mg-Mn,3059,28,1,2.04333e-06,0.86361,0.76448,0.99082,0.70677,0.99082,0.99082,0.99082,Mg-Mn
P3059_20170503.135031_385nm,pool,Mg-Mn,3059,28,1,2.74167e-06,0.1114,0.0003,0.0038,0.00319,0.0038,0.0038,0.0038,Mg-Mn
P3059_20170505.103904_385nm,pool,Mg-Mn,3059,28,1,5.7005e-05,0.1089,0.00117,0.00117,0.00022,0.00117,0.00117,0.00117,Mg-Mn
P3067_20160711.160613_385nm,pool,Mn-Y,3067,26,1,5.75833e-07,0.36992,0.48408,0.39942,1.0,0.09479,0.09479,0.08032,Mn-Y
P3071_20171207.112942_385nm,pool,Ge-Mn,3071,28,1,2.57917e-07,0.71144,0.52827,0.99031,0.57027,0.95315,0.95315,0.95315,Ge-Mn
P3072_20160818.173325_385nm,pool,Mn-Sb,3072,30,1,1.10417e-07,0.72013,0.30189,0.75245,0.9132,0.30189,0.86792,0.75245,Mn-Sb
P3072_20160909.143914_385nm,pool,Mn-Sb,3072,29,1,3.05833e-07,0.57781,0.26022,0.67439,0.32324,0.66621,0.72616,0.67439,Mn-Sb
P3102_20170824.101709_387nm,pool,Cr-Fe-V,3102,201,3,1.07237e-05,0.22891,0.15604,0.23783,0.19777,0.23783,0.23783,0.23783,Ni-V
P3102_20170824.101709_455nm,pool,Cr-Fe-V,3102,201,3,4.61792e-06,0.29989,0.22178,0.07471,0.11585,0.07471,0.07471,0.07471,Ni-V
P3102_20170824.101709_516nm,pool,Cr-Fe-V,3102,201,3,1.35958e-06,0.36602,0.30585,0.02115,0.04382,0.02115,0.02115,0.02115,Ni-V
P3102_20170824.101709_602nm,pool,Cr-Fe-V,3102,201,3,4.62917e-07,0.48604,0.45455,0.0099,0.39514,0.0099,0.0099,0.0099,Ni-V
P3106_20171005.104558_387nm,pool,Fe-Ni-V,3106,201,3,2.78542e-06,0.29133,1.0,0.2184,0.10755,0.49813,0.49813,0.2184,Ni-V
P3106_20171005.104558_455nm,pool,Fe-Ni-V,3106,200,3,1.38917e-06,0.3447,1.0,0.28374,0.06059,0.28374,0.28374,0.28374,Ni-V
P3106_20171005.104558_516nm,pool,Fe-Ni-V,3106,200,3,4.50833e-07,0.33594,0.66081,0.28651,0.02033,0.07116,0.28651,0.28651,Ni-V
P3108_20170802.114808_387nm,pool,Ca-Fe-Mn,3108,183,3,1.30833e-07,0.2982,0.32484,0.32484,0.24841,0.10191,0.10191,0.32484,Ca-Mn
P3108_20170802.114808_455nm,pool,Ca-Fe-Mn,3108,183,3,1.5875e-07,0.20712,0.24409,0.10499,0.39895,0.51444,0.51444,0.10499,Ca-Mn
P3108_20170802.114808_516nm,pool,Ca-Fe-Mn,3108,183,3,1.33333e-07,0.24631,0.04688,0.05,0.09062,0.25625,0.25625,0.05,Ca-Mn
P3112_20170621.173337_385nm,pool,Mn-Y,3112,27,1,1.425e-07,0.35687,0.07602,0.40936,1.0,0.40936,0.40936,0.40936,Mn-Y
P3199_20160210.142934_385nm,pool,Ca-Mn,3199,29,1,5.60643e-06,0.81551,1.0,0.77979,0.84706,0.67978,0.67978,0.77979,Ca-Mn
P3199_20160210.143635_385nm,pool,Ca-Mn,3199,29,1,3.22338e-06,0.73558,0.53619,0.88274,0.53619,0.01976,0.01976,0.88274,Ca-Mn
P3199_20160909.142827_385nm,pool,Ca-Mn,3199,26,1,4.80125e-06,0.72266,0.97761,0.85932,0.85932,0.85932,0.85932,0.85932,Ca-Mn
P3202_20160229.105032_385nm,pool,Bi-V,3202,15,1,3.86704e-05,0.52629,0.00825,1.0,0.00825,1.0,1.0,0.4469,Ni-V
P3212_20160216.181333_385nm,pool,Ag-V,3212,17,1,1.22352e-05,0.69665,0.00511,0.78412,1.0,0.78412,0.78412,0.78412,Ag-V
P3214_20160317.145821_385nm,pool,Ag-V,3214,16,1,3.77297e-05,0.65507,0.03868,1.0,0.56815,0.57086,0.57086,0.57086,Ag-V
P3224_20160308.152552_385nm,pool,Nb-V,3224,15,1,9.35778e-06,0.83411,0.79481,0.79481,0.71547,0.79481,0.79481,1.0,Nb-V
P3224_20160412.145824_385nm,pool,Nb-V,3224,16,1,9.84875e-06,0.85785,1.0,1.0,0.86877,0.86877,0.86877,1.0,Nb-V
P3446_20160310.183323_385nm,pool,V-Zr,3446,15,1,5.98017e-06,0.57766,0.0255,0.13915,0.62375,0.79063,0.79063,0.03028,V-Zr
P3446_20160412.141410_385nm,pool,V-Zr,3446,16,1,1.949e-05,0.4179,0.44636,0.44636,0.01191,0.37487,0.37487,0.37487,V-Zr
P3454_20160314.124627_385nm,pool,Ni-V,3454,15,1,1.07096e-05,0.50907,1.0,1.0,1.0,1.0,1.0,1.0,Ni-V
P3454_20160412.112433_385nm,pool,Ni-V,3454,15,1,1.41825e-05,0.44182,0.41821,1.0,1.0,1.0,1.0,1.0,Ni-V
P3455_20160307.141318_385nm,pool,Co-V,3455,16,1,1.19786e-06,0.65456,1.0,0.7384,1.0,0.7384,0.7384,0.7384,Co-V
P3455_20160413.182139_385nm,pool,Co-V,3455,15,1,1.16167e-06,0.68787,0.20803,1.0,0.94225,1.0,1.0,1.0,Co-V
P3459_20160310.184511_385nm,pool,Bi-V,3459,15,1,2.3285e-05,0.38215,0.60712,0.60712,0.22792,0.01332,0.01332,0.02817,Ni-V
P3557_20170802.130408_455nm,pool,Ca-Cu-V,3557,158,3,1.95882,0.53749,0.69839,0.86606,0.38325,0.00343,0.40003,0.41522,Ni-V
P3557_20170802.130408_516nm,pool,Ca-Cu-V,3557,139,3,0.705593,0.57298,0.72804,0.53207,0.47207,0.2346,0.16436,0.92007,Ni-V
P3557_20170802.130408_602nm,pool,Ca-Cu-V,3557,117,3,0.180061,0.5526,0.14299,0.9409,0.48808,0.08866,0.10867,0.86558,Ni-V
P3574_20170802.123609_387nm,pool,Fe-Ni-V,3574,160,3,3.34417e-06,0.37145,0.12086,0.66982,0.50797,0.64677,0.64677,0.66982,Ni-V
P3574_20170802.123609_516nm,pool,Fe-Ni-V,3574,160,3,3.09583e-07,0.5054,0.55855,0.19946,0.63392,0.58681,0.32167,0.19946,Ni-V
P3574_20170802.123609_602nm,pool,Fe-Ni-V,3574,160,3,9.20833e-08,0.54971,0.69683,0.33032,0.33032,0.10407,0.21267,0.33032,Ni-V
P3588_20170802.131816_387nm,pool,Cu-Fe-V,3588,297,3,2.23517e-05,0.67002,0.79649,0.78314,0.41863,0.82039,0.82039,0.78609,Ni-V
P3588_20170802.131816_455nm,pool,Cu-Fe-V,3588,297,3,8.60208e-06,0.58766,0.91102,0.34144,0.36406,0.65633,0.65633,0.91102,Ni-V
P3588_20170802.131816_516nm,pool,Cu-Fe-V,3588,297,3,1.67083e-06,0.4777,0.60835,0.29726,0.27082,0.29726,0.41347,0.59302,Ni-V
P3588_20170802.131816_602nm,pool,Cu-Fe-V,3588,296,3,3.77083e-07,0.37133,0.34475,0.14169,0.12376,0.0895,0.0895,0.36243,Ni-V
P3592_20170802.125607_387nm,pool,Bi-Fe-V,3592,201,3,3.13629e-05,0.3852,0.15582,0.00692,0.45172,0.00692,0.00692,0.00692,Ni-V
P3592_20170802.125607_455nm,pool,Bi-Fe-V,3592,201,3,3.64904e-05,0.2479,0.16865,0.00819,0.07779,0.02478,0.0151,0.0151,Ni-V
P3592_20170802.125607_516nm,pool,Bi-Fe-V,3592,201,3,3.07167e-06,0.23578,0.13212,0.01858,0.02428,0.00404,0.01858,0.01858,Ni-V
P3592_20170802.125607_602nm,pool,Bi-Fe-V,3592,201,3,1.18333e-07,0.41117,0.55634,0.13028,0.12676,0.09155,0.13028,0.13028,Ni-V
P3594_20170802.122251_387nm,pool,Cr-Fe-V,3594,201,3,0.927802,0.39311,0.22209,0.2699,0.59588,0.39887,0.39887,0.2699,Ni-V
P3594_20170802.122251_455nm,pool,Cr-Fe-V,3594,201,3,0.243917,0.58948,0.65306,0.48063,1.0,0.59818,0.59818,0.48063,Ni-V
P3594_20170802.122251_602nm,pool,Cr-Fe-V,3594,201,3,0.0997285,0.56795,0.85714,0.77625,0.46299,0.13597,0.17212,0.77625,Ni-V
P3925_20171020.172955_387nm,pool,Bi-Cu-V,3925,149,3,4.46704e-05,0.22609,0.19564,0.07389,0.08166,0.56036,0.52424,0.52424,Ni-V
P3925_20171020.172955_455nm,pool,Bi-Cu-V,3925,143,3,5.39447e-05,0.22663,0.13593,0.08345,0.07841,0.54235,0.54235,0.15344,Ni-V
P3925_20171020.172955_516nm,pool,Bi-Cu-V,3925,138,3,1.57421e-06,0.47602,0.16689,0.15982,0.60377,0.81715,0.81715,0.88212,Ni-V
P3925_20171020.172955_602nm,pool,Bi-Cu-V,3925,142,3,2.59545e-07,0.42862,0.21016,0.24081,0.8993,0.36778,0.36778,0.10508,Ni-V
P3925_20171026.105605_387nm,pool,Bi-Cu-V,3925,147,3,3.58318e-05,0.32071,0.93638,0.16168,0.76633,0.93638,5e-05,0.93638,Ni-V
P3925_20171026.105605_455nm,pool,Bi-Cu-V,3925,141,3,3.58932e-05,0.25774,0.87064,0.16178,0.86747,0.87064,0.35123,0.35123,Ni-V
P3925_20171026.105605_516nm,pool,Bi-Cu-V,3925,137,3,1.26136e-06,0.31055,0.83064,0.18198,0.80565,0.83064,0.32025,0.32025,Ni-V
P3925_20171026.105605_602nm,pool,Bi-Cu-V,3925,137,3,1.71818e-07,0.20079,0.7159,0.02646,0.48942,0.47619,0.13343,0.7159,Ni-V
P3925_20171115.163552_387nm,pool,Bi-Cu-V,3925,296,3,4.46704e-05,0.24362,0.16298,0.07584,0.6147,0.0,4e-05,0.07584,Ni-V
P3925_20171115.163552_455nm,pool,Bi-Cu-V,3925,284,3,5.39447e-05,0.19951,0.18446,0.10376,0.57719,0.00359,0.00359,0.0,Ni-V
P3925_20171115.163552_516nm,pool,Bi-Cu-V,3925,275,3,1.57421e-06,0.3766,0.46474,0.51555,0.64554,0.25661,0.02264,0.02264,Ni-V
P3925_20171115.163552_602nm,pool,Bi-Cu-V,3925,279,3,2.59545e-07,0.30577,0.3961,0.13398,0.32399,0.0,0.0,0.00263,Ni-V
P3933_20180830.102805_455nm,pool,Bi-Cu,3933,18,1,-1.50455e-07,0.0,0.0,0.0,0.0,0.0,0.0,0.0,Ni-V
P4135_20170727.133340_455nm,pool,Ca-Co-Mn,4135,183,3,1.18333e-07,0.21971,0.18662,0.51409,0.19014,0.19718,0.19718,0.51409,Ca-Mn
P4135_20170727.133340_516nm,pool,Ca-Co-Mn,4135,183,3,9.33333e-08,0.23861,0.14732,0.04911,0.125,0.16518,0.16518,0.04911,Ca-Mn
P4135_20170727.133340_602nm,pool,Ca-Co-Mn,4135,183,3,1.22917e-07,0.27053,0.17288,0.17288,0.02712,0.10847,0.07797,0.17288,Ca-Mn
P4376_20171130.114752_387nm,pool,Bi-Cu-V,4376,149,3,4.91723e-05,0.15798,0.0001,0.7179,0.02219,0.7179,0.00055,0.00055,Ni-V
P4376_20171130.114752_455nm,pool,Bi-Cu-V,4376,117,3,5.1218e-05,0.20102,2e-05,0.00021,0.01675,0.7977,0.00077,0.0006,Ni-V
P4376_20171130.114752_516nm,pool,Bi-Cu-V,4376,117,3,3.161e-05,0.21982,0.00795,0.01199,0.07143,0.71753,0.71753,0.00795,Ni-V
P4376_20171130.114752_602nm,pool,Bi-Cu-V,4376,121,3,3.13414e-05,0.20608,0.0,0.72885,0.06874,0.72885,0.72885,0.72885,Ni-V
