episode_id,el,plate,led,n_cand,max_eqe,chance,cls_gp,cls_gp_picks,cls_xrd,cls_xrd_picks,fm_prior,fm_prior_picks,fm_xrd,fm_xrd_picks,fm_xrd_nogap,fm_xrd_nogap_picks,fm_xrd_nomace,fm_xrd_nomace_picks
2283_20200218.144324_CA1,Ni,2283,CA1,31,2.40065,0.267,0.24452,15 12 8,0.44843,25 30 16,0.24038,21 14 11,0.44843,25 30 17,0.44843,25 30 17,0.21787,15 10 0
2283_20200218.144324_CA2,Ni,2283,CA2,31,2.77524,0.24055,0.10398,15 12 8,0.99605,25 30 16,0.09619,21 14 11,0.99605,25 30 17,0.99605,25 30 17,0.08668,15 10 0
2283_20200218.144324_CA3,Ni,2283,CA3,31,5.77953,0.11247,0.02109,15 12 8,0.05285,25 30 16,0.01978,21 14 11,0.05285,25 30 17,0.05285,25 30 17,0.01716,15 10 0
2283_20200218.144324_CA4,Ni,2283,CA4,31,6.56164,0.1266,0.0065,15 12 8,0.29142,25 30 16,0.00598,21 14 11,0.29142,25 30 17,0.29142,25 30 17,0.00523,15 10 0
2283_20200218.162104_CA1,Ni,2283,CA1,29,0.60309,0.66422,0.99465,14 11 7,0.72978,23 28 14,1.0,19 12 9,0.53306,23 28 16,0.53306,23 28 16,0.72978,14 8 0
2283_20200218.162104_CA2,Ni,2283,CA2,29,0.33305,0.66585,1.0,14 11 7,0.77937,23 28 14,0.97502,19 12 9,0.49008,23 28 16,0.49008,23 28 16,0.77937,14 8 0
2283_20200218.162104_CA3,Ni,2283,CA3,29,0.12629,0.66566,1.0,14 11 7,0.73998,23 28 14,0.98608,19 12 9,0.17257,23 28 18,0.17257,23 28 18,0.75148,14 8 0
2283_20200218.162104_CA4,Ni,2283,CA4,29,0.04173,0.40737,0.52833,14 11 7,0.38398,23 28 14,0.48747,19 12 9,0.27454,23 28 16,0.27454,23 28 16,0.38398,14 8 0
2283_20200302.142435_CA1,Ni,2283,CA1,30,1.59487,0.69749,0.95826,15 12 8,0.03664,24 29 0,1.0,20 14 11,0.65417,24 29 17,0.65417,24 29 17,1.0,14 9 0
2283_20200302.142435_CA2,Ni,2283,CA2,30,0.83967,0.69141,1.0,15 12 8,0.01836,24 29 0,0.99392,20 14 11,0.54299,24 29 17,0.54299,24 29 17,0.99392,14 9 0
2283_20200302.142435_CA3,Ni,2283,CA3,30,0.31929,0.66989,1.0,15 12 8,0.01298,24 29 0,0.98019,20 14 11,0.72575,24 29 16,0.72575,24 29 16,0.98019,14 9 0
2283_20200302.142435_CA4,Ni,2283,CA4,30,0.10258,0.68851,1.0,15 12 8,0.47561,24 29 17,0.19512,20 0 5,0.32317,24 29 18,0.32317,24 29 18,0.9878,14 9 0
2286_20200218.144917_CA1,Fe,2286,CA1,29,0.22779,0.44021,0.33444,14 11 7,0.61684,0 5 10,0.07812,13 19 25,0.61684,0 6 12,0.61684,0 6 12,0.61684,23 0 5
2286_20200218.144917_CA2,Fe,2286,CA2,29,0.20867,0.41762,0.26243,14 11 7,0.63003,0 5 10,0.02469,13 19 26,0.63003,0 6 12,0.63003,0 6 12,0.63003,23 0 5
2286_20200218.144917_CA3,Fe,2286,CA3,29,0.1565,0.418,0.11399,14 11 17,0.6829,0 5 10,0.06304,13 19 28,0.6829,0 6 12,0.6829,0 6 12,0.6829,23 0 5
2286_20200218.144917_CA4,Fe,2286,CA4,29,0.07342,0.42663,0.82199,14 0 4,0.82199,0 5 10,0.11133,13 20 26,0.82199,0 6 12,0.82199,0 6 12,0.82199,0 6 12
2286_20200218.160907_CA1,Fe,2286,CA1,30,0.10686,0.64002,0.64529,15 12 8,0.68781,0 7 12,0.30456,14 20 26,0.64529,0 8 14,0.64529,0 8 14,0.70157,24 0 6
2286_20200218.160907_CA2,Fe,2286,CA2,30,0.09783,0.56746,0.54568,15 12 8,0.64046,0 7 12,0.15979,14 20 29,0.64046,0 8 14,0.64046,0 8 14,0.64364,24 0 6
2286_20200218.160907_CA3,Fe,2286,CA3,30,0.07504,0.56312,0.39025,15 12 9,0.70601,0 7 12,0.11052,14 21 27,0.70601,0 8 14,0.70601,0 8 14,0.70601,24 0 6
2286_20200218.160907_CA4,Fe,2286,CA4,30,0.02383,0.54502,0.41678,15 12 19,0.70489,0 7 12,0.17273,14 20 29,0.70489,0 8 14,0.70489,0 8 14,0.70489,0 8 14
2286_20200302.142526_CA1,Fe,2286,CA1,30,0.72025,0.37012,0.05913,15 18 11,1.0,0 7 13,0.02382,14 20 27,1.0,0 8 14,1.0,0 8 14,1.0,24 0 6
2286_20200302.142526_CA2,Fe,2286,CA2,30,0.63738,0.43629,0.69518,15 18 22,1.0,0 7 13,0.00529,14 20 26,1.0,0 8 14,1.0,0 8 14,1.0,24 0 6
2286_20200302.142526_CA3,Fe,2286,CA3,30,0.4735,0.39222,1.0,15 0 5,1.0,0 7 13,0.01405,14 20 25,1.0,0 8 14,1.0,0 8 14,1.0,24 0 6
2286_20200302.142526_CA4,Fe,2286,CA4,30,0.16159,0.42782,0.99961,15 0 5,0.99961,0 7 13,0.03574,14 20 29,0.99961,0 8 14,0.99961,0 8 14,0.99961,0 8 14
2297_20200218.144632_CA1,Pb,2297,CA1,29,0.07711,0.61772,1.0,14 21 28,0.44976,0 5 16,0.84876,22 14 28,0.52303,0 5 17,0.52303,0 5 17,0.52303,0 5 17
2297_20200218.144632_CA2,Pb,2297,CA2,29,0.0242,0.74656,0.83642,14 21 28,0.89367,0 5 16,0.89367,22 14 0,0.89367,0 5 17,0.89367,0 5 17,0.89367,0 5 17
2297_20200218.144632_CA3,Pb,2297,CA3,29,0.02147,0.5348,0.17725,14 21 28,0.73235,0 5 16,0.21737,22 14 9,0.73235,0 5 18,0.73235,0 5 18,0.73235,0 5 18
2297_20200218.144632_CA4,Pb,2297,CA4,29,0.01052,0.52797,0.6369,14 21 8,0.77282,0 5 17,0.0835,14 23 9,0.77282,0 5 18,0.77282,0 5 18,0.77282,0 5 16
2297_20200218.16201_CA1,Pb,2297,CA1,29,0.05587,0.64335,1.0,14 7 20,0.24431,0 6 13,0.82928,22 12 0,0.30984,9 0 4,0.30984,9 0 4,0.30984,9 0 4
2297_20200218.16201_CA2,Pb,2297,CA2,29,0.02908,0.4641,1.0,14 7 3,0.50458,0 6 13,0.25012,22 12 0,0.87037,9 0 4,0.87037,9 0 4,0.87037,9 0 4
2297_20200218.16201_CA3,Pb,2297,CA3,29,0.03393,0.31867,1.0,14 7 3,0.33903,0 5 12,1.0,22 12 3,0.56097,9 0 4,0.56097,9 0 4,0.56097,9 0 4
2297_20200218.16201_CA4,Pb,2297,CA4,29,0.01177,0.31552,1.0,14 0 3,0.25473,0 5 12,0.64338,12 22 2,1.0,9 0 3,1.0,9 0 3,0.25473,0 5 13
2297_20200302.142608_CA1,Pb,2297,CA1,30,0.07257,0.69567,0.99097,15 20 28,0.47612,0 5 2,0.80587,22 14 0,0.84621,0 5 19,0.84621,0 5 19,0.84621,0 5 19
2297_20200302.142608_CA2,Pb,2297,CA2,30,0.03905,0.53033,0.49553,15 20 29,0.80212,0 5 2,0.5909,22 14 0,0.80212,0 5 2,0.80212,0 5 2,0.80212,0 5 2
2297_20200302.142608_CA3,Pb,2297,CA3,30,0.03496,0.44772,0.32807,15 20 7,0.89639,0 5 2,0.44289,22 14 4,0.89639,0 5 2,0.89639,0 5 2,0.89639,0 5 2
2297_20200302.142608_CA4,Pb,2297,CA4,30,0.02154,0.43321,0.26931,15 20 8,0.9182,0 5 2,0.71345,14 22 3,0.9182,0 5 2,0.9182,0 5 2,0.9182,0 5 2
2298_20200218.144149_CA1,Co,2298,CA1,30,0.08378,0.60506,0.74936,15 18 12,1.0,14 9 0,0.29288,4 19 16,0.42183,24 19 0,1.0,14 19 9,0.70851,24 29 17
2298_20200218.144149_CA2,Co,2298,CA2,30,0.05258,0.43016,0.78621,15 18 12,1.0,14 9 0,0.78621,4 19 15,0.12384,24 19 0,1.0,14 19 9,0.19655,24 29 17
2298_20200218.144149_CA3,Co,2298,CA3,30,0.03689,0.40737,1.0,15 18 12,0.98641,14 9 0,0.11824,4 19 8,0.09104,24 19 0,0.98641,14 19 9,0.11499,24 29 17
2298_20200218.144149_CA4,Co,2298,CA4,30,0.02399,0.51339,0.60648,15 18 12,1.0,14 9 0,0.80664,4 19 16,0.51704,24 19 5,1.0,14 19 9,0.19421,24 29 18
2298_20200218.162149_CA1,Co,2298,CA1,29,0.09101,0.66602,0.84564,14 17 11,0.84564,0 14 9,0.57543,3 18 15,0.76367,19 28 0,0.84564,14 9 0,0.84564,23 14 11
2298_20200218.162149_CA2,Co,2298,CA2,29,0.05917,0.46816,0.92763,14 17 11,0.92763,0 14 9,0.70771,3 18 15,0.27621,19 28 0,0.92763,14 9 0,0.92763,23 14 11
2298_20200218.162149_CA3,Co,2298,CA3,29,0.0332,0.42391,0.87655,14 17 11,0.87655,0 14 9,0.81755,3 18 15,0.02129,19 28 0,0.87655,14 9 0,0.87655,23 14 11
2298_20200218.162149_CA4,Co,2298,CA4,29,0.01371,0.36702,0.48375,14 17 11,0.48375,0 14 9,0.355,3 18 12,0.04625,19 28 0,0.48375,14 9 0,0.48375,23 14 11
2298_20200302.142742_CA1,Co,2298,CA1,30,0.24335,0.49596,1.0,15 12 18,0.94044,14 9 0,0.82169,4 20 16,0.20724,24 29 0,0.94044,14 19 9,1.0,19 15 29
2298_20200302.142742_CA2,Co,2298,CA2,30,0.14429,0.39623,0.99639,15 12 18,1.0,14 9 0,0.04477,4 20 0,0.05523,24 29 0,1.0,14 19 9,0.99639,19 15 29
2298_20200302.142742_CA3,Co,2298,CA3,30,0.07851,0.43967,1.0,15 12 18,0.91806,14 9 0,0.69861,4 20 16,0.04625,24 29 0,0.91806,14 19 9,0.91806,19 14 29
2298_20200302.142742_CA4,Co,2298,CA4,30,0.46433,0.16839,0.15043,15 12 8,0.02254,14 9 1,0.09879,4 20 16,0.0247,24 29 20,0.15896,14 19 7,0.15896,19 15 29
2300_20200218.144726_CA1,Zn,2300,CA1,28,0.34284,0.49429,0.27105,14 11 8,0.22806,14 18 10,1.0,15 0 7,0.22806,18 13 10,0.22806,18 13 10,0.22806,18 13 10
2300_20200218.144726_CA2,Zn,2300,CA2,28,0.2234,0.12527,0.02458,14 11 8,0.02952,14 18 10,0.02264,15 0 8,1.0,18 13 10,1.0,18 13 10,1.0,18 13 10
2300_20200218.144726_CA3,Zn,2300,CA3,28,0.00491,0.47772,0.21333,14 0 5,0.44222,14 18 8,0.37333,15 0 7,1.0,18 13 27,1.0,18 13 27,1.0,18 13 27
2300_20200218.144726_CA4,Zn,2300,CA4,28,0.01074,0.35947,0.11456,14 0 5,0.32039,14 18 8,0.59418,15 0 18,0.33204,18 13 10,0.33204,18 13 10,0.33204,18 13 10
2300_20200218.162234_CA1,Zn,2300,CA1,29,0.19627,0.74813,0.50859,14 18 10,0.50859,14 19 10,0.76963,16 0 7,0.50859,19 14 10,0.50859,19 14 10,0.50859,19 14 10
2300_20200218.162234_CA2,Zn,2300,CA2,29,0.01006,0.8346,0.84504,14 18 10,0.84504,14 19 10,0.68668,16 0 28,0.84504,19 14 10,0.84504,19 14 10,0.84504,19 14 10
2300_20200218.162234_CA3,Zn,2300,CA3,29,0.00495,0.61191,0.67761,14 18 10,0.67761,14 19 10,0.55405,16 0 7,0.67761,19 14 10,0.67761,19 14 10,0.67761,19 14 10
2300_20200218.162234_CA4,Zn,2300,CA4,29,0.00346,0.42949,1.0,14 18 27,0.62871,14 19 10,0.30693,16 0 9,0.62871,19 14 11,0.62871,19 14 11,0.62871,19 14 11
3519_20200218.150107_CA1,In,3519,CA1,28,0.11176,0.77103,0.6589,14 11 17,1.0,0 7 12,0.77001,15 6 18,1.0,0 7 12,1.0,0 7 12,1.0,0 7 12
3519_20200218.150107_CA2,In,3519,CA2,28,0.29579,0.21106,0.45692,14 11 8,0.45692,0 7 11,0.0734,15 6 18,0.45692,0 7 11,0.45692,0 7 11,0.45692,0 7 11
3519_20200218.150107_CA3,In,3519,CA3,28,0.04319,0.33328,0.21106,14 11 17,0.18808,0 7 12,0.26786,15 6 19,0.18808,0 7 12,0.18808,0 7 12,0.18808,0 7 12
3519_20200218.16241_CA1,In,3519,CA1,29,0.25559,0.71477,0.48909,14 17 10,0.88922,0 7 11,0.71983,15 5 19,0.88922,0 7 11,0.88922,0 7 11,0.88922,0 7 11
3519_20200218.16241_CA2,In,3519,CA2,29,0.02518,0.83544,0.89178,14 17 20,0.53925,0 7 11,0.95249,15 5 19,0.53925,0 7 11,0.53925,0 7 11,0.53925,0 7 11
3519_20200218.16241_CA3,In,3519,CA3,29,0.00898,0.77021,0.76489,14 17 20,0.51809,0 7 11,0.98936,15 5 19,0.51809,0 7 11,0.51809,0 7 11,0.51809,0 7 11
3531_20200218.145313_CA1,Bi,3531,CA1,29,0.00591,0.72584,1.0,14 10 17,0.38428,9 0 23,0.87917,21 13 5,0.87917,0 9 13,0.87917,0 9 13,0.38428,0 9 23
3531_20200218.145313_CA2,Bi,3531,CA2,29,0.00075,0.73386,0.84312,14 10 3,0.68901,9 0 28,0.85902,13 5 21,0.81479,0 9 14,0.85902,0 9 13,0.68901,0 9 23
3531_20200218.145313_CA3,Bi,3531,CA3,29,0.00025,0.69429,0.76106,14 10 3,0.66814,9 0 23,1.0,13 5 21,0.66814,0 9 14,1.0,0 9 13,0.66814,0 9 23
3531_20200218.145313_CA4,Bi,3531,CA4,29,0.00037,0.49005,0.71585,14 10 4,0.62295,9 0 23,0.71585,13 4 21,0.62295,0 9 13,0.62295,0 9 13,0.62295,0 9 23
3531_20200218.162319_CA1,Bi,3531,CA1,30,0.00379,0.76681,0.85398,15 11 18,0.81701,10 0 29,1.0,22 14 5,0.85398,0 10 18,0.85398,0 10 18,0.81701,0 10 29
3531_20200218.162319_CA2,Bi,3531,CA2,30,0.00316,0.17602,0.06456,15 29 25,0.11121,10 0 29,0.08428,14 5 22,0.11121,0 10 17,0.11121,0 10 17,0.11121,0 10 29
3531_20200218.162319_CA3,Bi,3531,CA3,30,0.00031,0.45703,1.0,15 29 0,1.0,10 0 29,0.28438,14 5 22,1.0,0 10 17,1.0,0 10 17,1.0,0 10 29
3531_20200218.162319_CA4,Bi,3531,CA4,30,0.00065,0.3254,0.24776,15 11 18,0.61379,10 0 29,0.10807,14 5 22,0.35582,0 10 17,0.35582,0 10 17,0.61379,0 10 29
4014_20200218.15024_CA2,Ag,4014,CA2,30,0.93759,0.55485,0.45056,15 20 11,0.95167,19 12 9,0.95167,9 7 1,0.45056,19 11 14,0.45056,19 11 14,0.45056,19 11 14
4014_20200218.15024_CA3,Ag,4014,CA3,30,0.1832,0.48463,0.69524,15 20 12,0.51786,19 12 9,0.67857,9 7 2,0.41847,19 11 14,0.41847,19 11 14,0.41847,19 11 14
4014_20200218.15024_CA4,Ag,4014,CA4,30,0.2648,0.34943,0.15511,15 20 12,0.3622,19 12 9,0.44094,9 7 0,0.29291,19 11 14,0.29291,19 11 14,0.29291,19 11 14
4014_20200218.161037_CA2,Ag,4014,CA2,27,0.3717,0.66837,0.4341,13 18 9,0.4341,13 9 19,0.99236,5 0 26,0.4341,13 9 26,0.4341,13 9 26,0.4341,13 9 19
4014_20200218.161037_CA3,Ag,4014,CA3,27,0.13329,0.59726,0.36609,13 18 9,0.36609,13 9 18,0.92186,5 0 26,0.36609,13 9 18,0.36609,13 9 18,0.36609,13 9 18
4014_20200218.161037_CA4,Ag,4014,CA4,27,1.02755,0.14307,0.01094,13 18 9,0.01094,13 9 18,0.06204,5 0 26,0.01094,13 9 18,0.01094,13 9 18,0.01094,13 9 18
4014_20200318.204926_CA2,Ag,4014,CA2,29,0.89306,0.53499,0.45366,14 20 11,0.45366,14 28 11,0.97054,9 2 12,0.45366,14 28 11,0.45366,14 28 11,0.45366,14 28 11
4014_20200318.204926_CA3,Ag,4014,CA3,29,0.93606,0.25325,1.0,14 20 12,0.11634,14 28 11,1.0,9 2 12,0.11634,14 28 11,0.11634,14 28 11,0.11634,14 28 11
4014_20200318.204926_CA4,Ag,4014,CA4,29,1.92897,0.18872,1.0,14 20 12,0.14754,14 28 11,1.0,9 2 12,0.14754,14 28 11,0.14754,14 28 11,0.14754,14 28 11
4130_20200218.144235_CA1,Cu,4130,CA1,29,0.12709,0.32852,0.03322,14 11 7,0.0286,14 9 3,0.04424,15 12 8,0.03322,14 9 11,0.03322,14 9 11,0.02042,14 10 7
4130_20200218.144235_CA2,Cu,4130,CA2,29,0.01885,0.38702,0.15044,14 11 7,0.12096,14 9 3,0.1696,15 12 8,0.15044,14 9 11,0.15044,14 9 11,0.1107,14 10 7
4130_20200218.144235_CA3,Cu,4130,CA3,29,0.01759,0.50662,0.29562,14 11 7,0.21224,14 9 3,0.34496,15 12 8,0.29562,14 9 11,0.29562,14 9 11,0.22413,14 10 7
4130_20200218.144235_CA4,Cu,4130,CA4,29,0.01619,0.61785,0.35259,14 11 7,0.27793,14 9 0,0.43259,15 12 8,1.0,14 9 18,1.0,14 9 18,0.64963,14 10 6
4130_20200218.163122_CA1,Cu,4130,CA1,30,0.14148,0.32196,0.05507,15 12 19,0.04122,14 10 6,0.03671,15 12 5,0.04122,14 10 7,0.04122,14 10 7,0.04122,14 10 7
4130_20200218.163122_CA2,Cu,4130,CA2,30,0.0158,0.34207,0.08275,15 12 8,0.09474,14 9 4,0.08275,15 12 8,0.16287,14 10 7,0.16287,14 10 7,0.09474,14 9 6
4130_20200218.163122_CA3,Cu,4130,CA3,30,0.00354,0.49762,0.04162,15 0 5,0.4054,14 9 4,0.04162,15 0 5,0.4054,14 10 7,0.4054,14 10 7,0.4054,14 9 6
4130_20200218.163122_CA4,Cu,4130,CA4,30,0.00149,0.33272,0.16437,15 0 5,0.02874,14 9 4,0.16437,15 0 5,0.02299,14 10 7,0.02299,14 10 7,0.02874,14 9 6
4130_20220623.180314_CA1,Cu,4130,CA1,20,0.10488,0.65019,0.81848,10 13 7,0.70383,10 6 1,0.81848,10 7 4,0.70383,10 6 1,0.70383,10 6 1,0.70383,10 6 1
4130_20220623.180314_CA2,Cu,4130,CA2,20,0.02401,0.65728,1.0,10 13 7,0.77874,10 6 0,1.0,10 7 4,0.77874,10 6 1,0.77874,10 6 1,0.77874,10 6 1
4130_20220623.180314_CA3,Cu,4130,CA3,20,0.0104,0.47768,0.56604,10 13 7,0.57862,10 6 1,0.56604,10 7 4,0.57862,10 6 1,0.57862,10 6 1,0.57862,10 6 2
4130_20220623.180314_CA4,Cu,4130,CA4,20,0.00484,0.54735,0.68966,10 13 7,0.75862,10 6 0,0.68966,10 7 4,0.75862,10 6 1,0.75862,10 6 1,0.75862,10 6 1
5406_20200218.143845_CA1,Cr,5406,CA1,29,0.05329,0.71105,0.53574,14 17 21,0.88719,9 19 25,0.60936,14 19 22,0.88719,9 25 20,0.88719,9 25 20,0.88719,9 25 20
5406_20200218.143845_CA2,Cr,5406,CA2,29,0.26744,0.17333,0.05941,14 17 21,0.07892,9 19 25,0.04998,14 19 22,0.05925,9 26 21,0.05925,9 26 21,0.05925,9 26 21
5406_20200218.143845_CA3,Cr,5406,CA3,29,0.07653,0.5077,0.4613,14 17 10,0.44418,9 19 25,0.4613,14 19 9,0.44418,9 25 20,0.44418,9 25 20,0.44418,9 25 20
5406_20200218.143845_CA4,Cr,5406,CA4,29,0.44042,0.19479,0.06112,14 17 10,0.06082,9 19 28,0.06112,14 19 9,0.06243,9 25 20,0.06243,9 25 20,0.06243,9 25 20
5406_20200218.162452_CA1,Cr,5406,CA1,28,0.07627,0.62054,0.54033,14 11 18,1.0,9 27 20,0.68939,13 19 23,1.0,9 27 22,1.0,9 27 22,1.0,9 27 22
5406_20200218.162452_CA2,Cr,5406,CA2,28,0.02237,0.67434,0.72573,14 11 18,1.0,9 27 20,0.70653,13 19 23,1.0,9 27 22,1.0,9 27 22,1.0,9 27 22
5406_20200218.162452_CA3,Cr,5406,CA3,28,0.00869,0.86852,0.8967,14 11 18,0.95275,9 27 20,0.9,13 19 23,0.95275,9 27 22,0.95275,9 27 22,0.95275,9 27 22
5406_20200218.162452_CA4,Cr,5406,CA4,28,0.00457,0.5741,0.54972,14 0 27,0.82552,9 27 20,0.0,13 19 0,0.54972,9 27 22,0.54972,9 27 22,0.54972,9 27 22
5407_20200218.144415_CA1,Cr,5407,CA1,29,0.08203,0.63697,0.4078,14 11 18,0.4078,9 14 18,0.90111,14 20 23,0.21687,9 14 0,0.21687,9 14 0,0.21687,9 14 0
5407_20200218.144415_CA2,Cr,5407,CA2,29,0.03391,0.70718,0.53864,14 11 18,0.53864,9 14 18,0.91518,14 20 23,0.39286,9 14 0,0.39286,9 14 0,0.39286,9 14 0
5407_20200218.144415_CA3,Cr,5407,CA3,29,0.03355,0.8452,0.84608,14 11 8,0.84703,9 14 18,0.86402,14 20 23,0.83254,9 14 0,0.83254,9 14 0,0.83254,9 14 0
5407_20200218.144415_CA4,Cr,5407,CA4,29,0.03181,0.82984,0.8405,14 11 18,0.8405,9 14 18,0.8405,14 20 23,0.91365,9 14 0,0.91365,9 14 0,0.91365,9 14 0
5407_20200218.162628_CA1,Cr,5407,CA1,28,0.13483,0.53639,0.54613,14 18 21,0.29605,9 18 14,0.74633,13 19 22,0.29605,9 0 18,0.29605,9 0 18,0.29605,9 0 18
5407_20200218.162628_CA2,Cr,5407,CA2,28,0.0455,0.52508,0.58071,14 18 21,0.30457,9 18 14,0.77868,13 19 22,0.30457,9 0 18,0.30457,9 0 18,0.30457,9 0 18
5407_20200218.162628_CA3,Cr,5407,CA3,28,0.01825,0.558,0.62827,14 18 21,0.34031,9 18 14,0.88482,13 19 23,0.34031,9 0 18,0.34031,9 0 18,0.34031,9 0 18
5407_20200218.162628_CA4,Cr,5407,CA4,28,0.46757,0.11433,0.00475,14 18 10,0.00475,9 18 14,0.01319,13 19 22,0.00348,9 0 18,0.00348,9 0 18,0.00348,9 0 18
5415_20200218.143926_CA1,Fe,5415,CA1,30,0.0767,0.48919,0.36533,15 12 8,1.0,24 29 0,0.25643,13 19 24,0.31711,24 29 17,0.31711,24 29 17,0.31711,24 29 17
5415_20200218.143926_CA2,Fe,5415,CA2,30,0.10832,0.35957,0.09867,15 12 9,1.0,24 29 0,0.04665,13 19 26,0.02297,24 29 17,0.02297,24 29 17,0.02297,24 29 17
5415_20200218.143926_CA3,Fe,5415,CA3,30,0.10207,0.32297,0.04987,15 12 19,1.0,24 0 5,0.00352,13 19 27,1.0,24 16 0,1.0,24 16 0,1.0,24 16 0
5415_20200218.143926_CA4,Fe,5415,CA4,30,0.01784,0.45378,0.30733,15 12 18,1.0,24 0 5,0.08944,13 19 24,1.0,24 16 0,1.0,24 16 0,1.0,24 16 0
5415_20200218.161125_CA1,Fe,5415,CA1,30,0.04803,0.68841,0.79479,15 19 24,0.66358,24 29 17,0.68103,12 18 23,0.66358,24 29 17,0.66358,24 29 17,0.66358,24 29 17
5415_20200218.161125_CA2,Fe,5415,CA2,30,0.055,0.35836,0.09431,15 19 11,1.0,24 29 0,0.09057,12 18 26,0.14418,24 29 16,0.14418,24 29 16,0.14418,24 29 16
5415_20200218.161125_CA3,Fe,5415,CA3,30,0.03796,0.31821,1.0,15 0 5,1.0,24 0 5,0.11226,12 18 23,0.21218,24 16 12,0.21218,24 16 12,0.21218,24 16 12
5415_20200218.161125_CA4,Fe,5415,CA4,30,0.01297,0.32182,0.43957,15 0 5,0.62593,24 29 0,0.06617,12 19 24,0.62593,24 29 16,0.62593,24 29 16,0.62593,24 29 16
5415_20220623.175729_CA1,Fe,5415,CA1,22,0.23185,0.35174,0.21262,11 9 7,1.0,18 0 4,0.06155,10 13 17,0.07366,18 14 11,0.07366,18 14 11,0.07366,18 14 11
5415_20220623.175729_CA2,Fe,5415,CA2,22,0.19351,0.46714,0.13642,11 9 7,1.0,18 0 4,0.01917,10 13 16,1.0,18 14 0,1.0,18 14 0,1.0,18 14 0
5415_20220623.175729_CA3,Fe,5415,CA3,22,0.16054,0.40957,1.0,11 0 4,1.0,18 0 4,0.01861,10 13 9,1.0,18 13 0,1.0,18 13 0,1.0,18 13 0
5415_20220623.175729_CA4,Fe,5415,CA4,22,0.07364,0.36758,1.0,11 0 4,1.0,18 0 4,0.05889,10 14 20,0.09909,18 13 11,0.09909,18 13 11,0.09909,18 13 11
5417_20200218.145212_CA1,Zn,5417,CA1,30,0.5395,0.32807,0.28955,15 19 12,0.28955,19 29 12,1.0,16 0 7,0.54048,19 29 13,0.54048,19 29 13,0.19477,19 29 11
5417_20200218.145212_CA2,Zn,5417,CA2,30,0.00861,0.61925,0.6652,15 19 12,0.45519,19 29 11,0.39131,16 0 23,0.6652,19 29 12,0.6652,19 29 12,0.45519,19 29 11
5417_20200218.145212_CA3,Zn,5417,CA3,30,0.0076,0.4226,0.38333,15 19 12,0.19861,19 29 11,0.08472,16 0 7,0.38333,19 29 12,0.38333,19 29 12,0.19861,19 29 11
5417_20200218.145212_CA4,Zn,5417,CA4,30,0.01727,0.19424,0.2375,15 19 12,0.03264,19 29 12,0.05674,16 0 23,0.03264,19 29 12,0.03264,19 29 12,0.0,19 29 11
5417_20200218.16281_CA1,Zn,5417,CA1,26,1.09397,0.46785,0.502,13 10 7,0.41022,17 25 13,0.41022,13 0 14,0.502,17 13 10,0.502,17 13 10,0.41022,17 25 13
5417_20200218.16281_CA2,Zn,5417,CA2,26,0.03754,0.50021,0.87572,13 10 7,0.28473,17 25 13,0.28473,13 0 14,0.87572,17 13 10,0.87572,17 13 10,0.28473,17 25 13
5417_20200218.16281_CA3,Zn,5417,CA3,26,0.00456,0.5156,0.37526,13 10 7,0.31447,17 25 13,0.20126,13 0 14,0.31447,17 13 25,0.31447,17 13 25,0.31447,17 25 13
5417_20200218.16281_CA4,Zn,5417,CA4,26,0.00285,0.4519,0.37237,13 0 4,0.36637,17 25 13,0.37237,13 0 20,0.36637,17 13 25,0.36637,17 13 25,0.36637,17 13 25
5418_20200218.145757_CA1,In,5418,CA1,28,0.14936,0.6986,0.59754,14 11 18,0.62558,0 8 11,1.0,15 6 19,0.62558,0 8 11,0.62558,0 8 11,0.62558,0 8 11
5418_20200218.145757_CA2,In,5418,CA2,28,0.04844,0.80717,0.7449,14 11 18,0.79568,0 8 11,0.84276,15 6 19,0.79568,0 8 11,0.79568,0 8 11,0.79568,0 8 11
5418_20200218.145757_CA3,In,5418,CA3,28,0.10654,0.78676,0.79166,14 11 8,0.79166,0 8 11,0.81762,15 6 19,0.79166,0 8 11,0.79166,0 8 11,0.79166,0 8 11
5418_20200218.162858_CA1,In,5418,CA1,30,0.42913,0.53431,0.44543,15 12 18,0.7024,0 9 12,1.0,17 7 21,0.93105,0 8 12,0.93105,0 8 12,0.93105,0 8 12
5418_20200218.162858_CA2,In,5418,CA2,30,0.02257,0.49229,0.2868,15 12 19,0.77953,0 9 12,0.84135,17 7 21,1.0,0 8 12,1.0,0 8 12,1.0,0 8 12
5418_20200218.162858_CA3,In,5418,CA3,30,0.00573,0.38457,0.17167,15 12 18,0.24167,0 10 13,0.01667,17 7 22,0.24167,0 10 13,0.24167,0 10 13,0.24167,0 10 13
5435_20200218.14454_CA1,Pb,5435,CA1,29,0.04468,0.57097,0.03145,14 18 25,0.94272,0 5 14,0.82666,13 8 4,0.82666,14 8 4,0.82666,14 8 4,0.94272,0 5 14
5435_20200218.14454_CA2,Pb,5435,CA2,29,0.03681,0.51253,0.06455,14 18 10,0.88143,0 5 14,0.84022,13 8 4,0.84022,14 8 4,0.84022,14 8 4,0.88143,0 5 14
5435_20200218.14454_CA3,Pb,5435,CA3,29,0.03973,0.41178,0.0106,14 18 10,0.68056,0 5 14,0.68937,13 8 4,0.68937,14 8 4,0.68937,14 8 4,0.68056,0 5 14
5435_20200218.14454_CA4,Pb,5435,CA4,29,0.01775,0.34812,0.00104,14 18 10,0.60351,0 5 14,0.80099,8 13 2,0.59649,14 8 4,0.59649,14 8 4,0.60351,0 5 8
5435_20200218.163032_CA1,Pb,5435,CA1,29,0.07705,0.48194,0.50724,14 10 7,0.68904,0 5 14,0.54758,13 8 6,0.89307,14 8 3,0.89307,14 8 3,0.68904,0 5 14
5435_20200218.163032_CA2,Pb,5435,CA2,29,0.07926,0.45559,0.33236,14 10 7,0.61128,0 5 14,0.43353,13 8 6,0.92156,14 8 3,0.92156,14 8 3,0.61128,0 5 14
5435_20200218.163032_CA3,Pb,5435,CA3,29,0.09339,0.39214,0.00253,14 10 19,0.49785,0 5 14,0.29353,13 8 6,0.93186,14 8 3,0.93186,14 8 3,0.49785,0 5 14
5435_20200218.163032_CA4,Pb,5435,CA4,29,0.0342,0.367,0.00401,14 10 19,0.49474,0 5 14,0.24674,8 13 6,1.0,14 8 3,1.0,14 8 3,0.49474,0 5 8
5435_20220623.112423_CA1,Pb,5435,CA1,29,0.04524,0.25147,0.02136,14 18 10,0.49496,0 14 6,0.58117,13 8 3,0.58117,14 0 8,0.58117,14 0 8,0.49496,0 14 6
5435_20220623.112423_CA2,Pb,5435,CA2,29,0.02086,0.21377,0.01798,14 18 10,0.497,0 14 6,0.4041,13 8 3,0.4041,14 0 8,0.4041,14 0 8,0.497,0 14 6
5435_20220623.112423_CA3,Pb,5435,CA3,29,0.00827,0.33994,0.59367,14 0 4,0.59367,0 5 14,0.32454,13 8 3,0.59367,14 0 6,0.59367,14 0 6,0.59367,0 5 14
5435_20220623.112423_CA4,Pb,5435,CA4,29,0.00717,0.40387,0.06395,14 18 11,0.40117,0 5 14,1.0,8 13 2,0.40117,14 0 6,0.40117,14 0 6,0.40117,0 5 14
5436_20200218.145045_CA1,Y,5436,CA1,29,0.05349,0.84017,0.83058,14 18 22,0.96,9 0 16,0.67677,24 28 15,0.96,9 0 16,0.96,9 0 16,0.96,9 0 16
5436_20200218.145045_CA2,Y,5436,CA2,29,0.06525,0.81872,0.88949,14 18 7,0.98034,9 0 28,0.80119,24 15 10,0.98034,9 0 16,0.98034,9 0 16,0.98034,9 0 16
5436_20200218.145045_CA3,Y,5436,CA3,29,0.14146,0.82179,0.81045,14 18 22,0.92179,9 0 16,0.66921,24 15 28,0.92179,9 0 16,0.92179,9 0 16,0.92179,9 0 17
5436_20200218.145045_CA4,Y,5436,CA4,29,0.14539,0.83635,0.78544,14 18 22,0.97464,9 0 16,0.7062,24 15 28,0.97464,9 0 16,0.97464,9 0 16,0.97464,9 0 17
5436_20220623.173226_CA1,Y,5436,CA1,29,0.00349,0.35548,0.09487,14 9 0,0.34359,9 0 16,0.90769,23 27 15,0.34359,9 0 16,0.34359,9 0 16,0.34359,9 0 16
5436_20220623.173226_CA2,Y,5436,CA2,29,0.00076,0.30913,0.35617,14 9 18,0.42466,9 28 24,0.0274,22 26 15,0.12329,9 17 20,0.12329,9 17 20,0.12329,9 17 20
5436_20220623.173226_CA3,Y,5436,CA3,29,0.00142,0.4936,1.0,14 28 21,0.78461,9 0 16,0.0,23 15 28,0.78461,9 0 15,0.78461,9 0 15,0.78461,9 0 16
5436_20220623.173226_CA4,Y,5436,CA4,29,0.004,0.34015,0.02083,14 9 18,0.34375,9 28 23,0.54167,23 15 27,0.02083,9 17 20,0.02083,9 17 20,0.02083,9 17 20
5439_20200325.131306_CA1,Mg,5439,CA1,30,0.08671,0.36212,0.00906,15 12 18,0.00906,10 0 17,1.0,24 14 29,1.0,24 29 0,0.00914,0 11 19,0.00906,10 0 17
5439_20200325.131306_CA2,Mg,5439,CA2,30,0.00668,0.29616,0.02253,15 12 18,0.03248,10 0 17,0.82999,24 14 29,0.82999,24 29 0,0.03248,0 10 19,0.03248,10 0 18
5439_20200325.131306_CA3,Mg,5439,CA3,30,0.00293,0.33126,0.32573,15 29 25,1.0,10 0 17,0.32573,24 14 29,1.0,0 10 19,1.0,0 10 19,1.0,10 0 18
5439_20200325.131306_CA4,Mg,5439,CA4,30,0.00274,0.17597,0.33375,15 29 0,0.33375,10 0 17,0.00063,24 14 11,0.33375,0 10 19,0.33375,0 10 19,0.33375,10 0 18
5439_20220623.17371_CA1,Mg,5439,CA1,29,0.0318,0.43184,0.0076,14 11 17,0.01773,9 16 0,0.8534,22 13 28,0.8534,23 28 0,0.01097,0 13 17,0.01294,9 0 15
5439_20220623.17371_CA2,Mg,5439,CA2,29,0.00127,0.48757,0.19672,14 11 17,0.18852,9 0 14,0.14754,22 13 10,1.0,23 28 0,0.19672,0 13 17,0.18852,9 14 0
5439_20220623.17371_CA3,Mg,5439,CA3,29,0.00122,0.45098,0.08929,14 28 0,0.08929,9 16 0,0.25,22 13 10,0.08929,0 11 17,0.08929,0 11 17,0.08929,9 16 0
5439_20220623.17371_CA4,Mg,5439,CA4,29,0.00367,0.29156,0.19318,14 11 7,0.11364,9 16 0,0.38636,22 13 28,0.44318,0 13 19,0.44318,0 13 19,0.11364,9 16 0
5440_20200218.144829_CA1,Co,5440,CA1,28,0.04477,0.5299,0.08477,14 11 17,1.0,22 27 17,0.14073,3 20 17,0.9273,0 26 21,1.0,22 27 17,1.0,22 27 0
5440_20200218.144829_CA2,Co,5440,CA2,28,0.04048,0.28853,0.11028,14 11 7,0.34272,22 27 17,0.07923,3 7 20,0.34647,0 26 21,0.34272,22 27 17,0.34272,22 27 0
5440_20200218.144829_CA3,Co,5440,CA3,28,0.13686,0.13889,0.03921,14 27 22,0.03921,22 27 19,1.0,3 7 11,0.03921,0 22 27,0.03921,22 27 19,0.03921,22 27 4
5440_20200218.144829_CA4,Co,5440,CA4,28,0.0218,0.26944,0.49598,14 11 18,0.10312,22 27 16,0.09821,3 7 20,0.0,0 26 20,0.10312,22 27 16,0.04821,22 0 27
5440_20200218.162947_CA1,Co,5440,CA1,30,0.09443,0.52516,1.0,15 0 29,1.0,19 29 23,0.09993,2 19 16,0.73057,24 19 0,1.0,19 29 23,1.0,24 19 29
5440_20200218.162947_CA2,Co,5440,CA2,30,0.05332,0.48651,0.00017,15 12 18,0.93216,19 29 24,0.0,2 19 13,0.93216,24 19 0,0.93216,19 29 24,0.93216,24 19 29
5440_20200218.162947_CA3,Co,5440,CA3,30,0.02443,0.46404,0.48064,15 0 29,0.80015,19 29 24,0.16425,2 6 10,0.80015,24 19 0,0.80015,19 29 24,0.80015,24 19 29
5440_20200218.162947_CA4,Co,5440,CA4,30,0.00769,0.48299,0.27648,15 0 29,0.83278,19 29 22,0.83278,2 19 16,0.83278,24 19 5,0.83278,19 29 22,0.83278,24 19 29
5445_20220623.175015_CA1,Al,5445,CA1,21,0.16682,0.4996,0.27309,10 8 12,0.01995,0 5 9,0.06237,10 7 20,1.0,13 10 16,1.0,13 10 16,0.83487,17 13 10
5445_20220623.175015_CA2,Al,5445,CA2,21,0.03825,0.47839,0.16585,10 8 12,0.00844,0 6 9,0.06727,10 7 3,0.95289,13 10 16,0.95289,13 10 16,1.0,17 13 10
5445_20220623.175015_CA3,Al,5445,CA3,21,0.01764,0.42481,0.03337,10 8 6,0.03214,0 6 10,0.0618,10 7 5,0.81335,13 10 16,0.81335,13 10 16,1.0,17 13 10
5445_20220623.175015_CA4,Al,5445,CA4,21,0.01159,0.44504,0.94964,10 20 16,0.16187,0 5 9,0.94964,10 20 16,0.94964,13 10 16,0.94964,13 10 16,1.0,17 13 9
5717_20200218.145716_CA1,Fe,5717,CA1,29,2.1668,0.33152,0.02128,14 11 8,1.0,0 6 11,0.00665,12 19 10,1.0,0 6 12,1.0,0 6 12,1.0,0 6 12
5717_20200218.145716_CA2,Fe,5717,CA2,29,1.02113,0.35984,1.0,14 0 5,1.0,0 6 11,0.0056,12 19 10,1.0,0 6 12,1.0,0 6 12,1.0,0 6 12
5717_20200218.145716_CA3,Fe,5717,CA3,29,0.35546,0.35969,0.59557,14 0 5,0.59557,0 6 11,0.01245,12 19 23,0.59557,0 6 12,0.59557,0 6 12,0.59557,0 6 12
5717_20200218.145716_CA4,Fe,5717,CA4,29,0.02279,0.48396,0.85789,14 0 5,0.85789,0 6 11,0.18316,12 19 10,0.85789,0 6 12,0.85789,0 6 12,0.85789,0 6 12
5717_20200218.161211_CA1,Fe,5717,CA1,30,1.43244,0.38722,0.01378,15 11 19,0.90021,0 6 12,0.01378,12 19 23,0.90021,0 6 12,0.90021,0 6 12,0.90021,0 6 12
5717_20200218.161211_CA2,Fe,5717,CA2,30,0.54386,0.42513,0.6784,15 0 5,0.6784,0 6 11,0.01802,12 19 23,0.6784,0 6 12,0.6784,0 6 12,0.6784,0 6 12
5717_20200218.161211_CA3,Fe,5717,CA3,30,0.148,0.43643,0.56301,15 0 5,0.41962,0 6 11,0.01117,12 19 27,0.41962,0 6 11,0.41962,0 6 11,0.41962,0 6 11
5717_20200218.161211_CA4,Fe,5717,CA4,30,0.02189,0.41579,0.3032,15 11 19,0.252,0 6 11,0.0796,12 19 27,0.252,0 6 11,0.252,0 6 11,0.252,0 6 11
5929_20220623.1809_CA1,La,5929,CA1,29,0.03113,0.12641,0.0,14 28 0,0.0,14 0 28,0.0,12 26 20,0.01092,23 28 19,0.01092,23 28 19,0.06092,23 28 18
5929_20220623.1809_CA2,La,5929,CA2,29,0.01648,0.23902,0.93047,14 28 0,0.93047,14 0 28,0.0177,12 25 17,0.0,23 28 15,0.0,23 28 17,0.17699,23 28 16
5929_20220623.1809_CA3,La,5929,CA3,29,0.06927,0.14334,0.1187,14 18 22,0.02361,14 0 23,0.01984,12 25 19,0.02361,14 0 10,0.0,23 28 17,0.06832,23 28 16
5929_20220623.1809_CA4,La,5929,CA4,29,0.68034,0.10941,0.01992,14 18 10,1.0,14 0 28,0.00968,12 25 19,1.0,14 0 8,0.0,23 28 17,1.0,14 0 8
5930_20200325.131034_CA1,Mg,5930,CA1,27,0.01782,0.45623,0.969,13 26 23,0.02046,9 0 16,0.969,23 12 18,0.82309,22 26 18,0.02046,9 17 0,0.02046,0 12 17
5930_20200325.131034_CA2,Mg,5930,CA2,27,0.00134,0.3573,0.7973,13 26 23,0.32826,9 0 16,0.31961,23 12 18,0.7973,22 26 15,0.32826,9 17 0,0.32826,13 0 7
5930_20200325.131034_CA3,Mg,5930,CA3,27,0.00042,0.41786,0.60045,13 26 23,0.16479,9 0 16,0.37588,23 12 18,0.31603,9 17 0,0.31603,9 17 0,0.16479,13 0 7
5930_20200325.131034_CA4,Mg,5930,CA4,27,0.00475,0.12846,0.06986,13 26 23,0.0361,9 0 16,0.00487,23 12 18,0.00903,9 17 0,0.00903,9 17 0,0.00487,13 0 7
